*Org,,,,,,
U422,UTAustin,TRUE,,,,
U502,UTDallas,TRUE,,,,
U430,RICE,TRUE,,,,
U693,Baylor,TRUE,,,,
U203,UoH,TRUE,,,,
U108,TAMU,TRUE,,,,
O931,NCAA,FALSE,,,,
O901,Woodlands,FALSE,,,,
O992,SouthTexas,FALSE,,,,
*Meet,,,,,,
NCAA_Summer,2007-05-06,4,O931,,,
Rice Invitational,2007-12-10,4,U430,,,
UT_Meet,2007-01-07,5,U422,,,
SouthConfed,2006-03-11,7,O992,,,
Rice_Winter,2006-05-12,4,U430,,,
*Participant,,,,,,
P187734,F,U502,Mary,,,
P239302,F,U430,Patricia,,,
P744651,F,U203,Linda,,,
P608878,M,U693,Lucas,,,
P779068,F,U203,Barbara,,,
P896191,F,U430,Elizabeth,,,
P596208,F,U693,Jennifer,,,
P946656,M,U430,Caden,,,
P512304,F,U422,Maria,,,
P888246,F,U502,Susan,,,
P411523,M,U502,Santiago,,,
P320247,M,U422,Mateo,,,
P174047,F,U693,Margaret,,,
P787951,F,U430,Dorothy,,,
P419077,F,U502,Serena,,,
P326451,F,U502,Lisa,,,
P844138,F,U430,Karen,,,
P375195,M,U422,Benjamin,,,
P350087,M,U422,Nicolas,,,
P782093,M,U502,Diego,,,
P944240,M,U693,Jackson,,,
P744201,F,U430,Betty,,,
P246719,M,U203,Liam,,,
P686315,M,U203,Noah,,,
P408363,F,U422,Sandra,,,
P363719,M,U430,Ethan,,,
P710107,F,U203,Donny,,,
P482516,M,U693,Jacob,,,
P892923,F,U430,Carol,,,
P503806,F,U430,Ruth,,,
P768448,F,U430,Cynthia,,,
P108977,F,U430,Anna,,,
P925991,M,U693,Samuel,,,
P126715,F,U502,Rebecca,,,
P801697,F,U203,Amy,,,
P257391,F,U693,Amanda,,,
P720454,M,U693,Matias,,,
P266751,F,U203,Amy,,,
P314927,F,U422,Karen,,,
P263779,F,U203,Catheine,,,
P581736,M,U203,Aiden,,,
P414627,M,U502,Mason,,,
P251935,F,U203,Frances,,,
P648329,F,U422,Shirley,,,
P595877,F,U693,Laura,,,
P315434,F,U430,Michelle,,,
P857171,M,U693,Sebastian,,,
P259364,F,U693,Amanda,,,
P472703,M,U203,Alejandro,,,
P373735,M,U203,Logan,,,
P667298,M,U422,Martin,,,
P551881,M,U502,Ethan,,,
P650269,F,U422,Gloria,,,
P966483,M,U502,Aiden,,,
P451875,M,U693,Elijah,,,
P214547,F,U430,Katherine,,,
P837450,M,U693,Liam,,,
P424921,M,U203,Joshua,,,
P326379,M,U430,Carter,,,
P814834,M,U502,Mason,,,
P385867,F,U430,Wanda,,,
P260428,M,U203,Jayden,,,
P313609,F,U693,Anjali,,,
P938149,F,U203,Aditi,,,
P673060,F,U693,Shreya,,,
P500771,F,U422,Kavya,,,
P774555,M,U430,Muhammad,,,
P343775,M,U422,Daniel,,,
P544338,M,U422,William,,,
P691498,M,U430,Eric,,,
P849004,M,U422,Jason,,,
P831647,F,U693,Victoria,,,
P531550,M,U422,David,,,
P761841,F,U502,Valeria,,,
P691951,M,U422,Mohammad,,,
P852515,M,U430,Jacob,,,
P614836,M,U422,Benjamin,,,
P152708,F,U502,Aliah,,,
P813991,M,U422,Daniel,,,
P296082,F,U502,Fatima,,,
P944182,F,U430,Abril,,,
P132685,F,U693,Ana Paula,,,
P896372,F,U430,Mary,,,
P282743,F,U430,Samantha,,,
P994822,M,U430,Jeremiah,,,
P422145,F,U430,Rose,,,
P999815,M,U203,Amir,,,
P244567,M,U422,Ethan,,,
P713611,F,U693,Winter,,,
P759847,F,U693,Victoria,,,
P627706,M,U203,Aiden,,,
P298187,M,U203,Ryan,,,
P354503,F,U693,Patricia,,,
P518763,F,U693,Linda,,,
P676479,F,U502,Susan,,,
P390796,M,U430,Lucas,,,
P126504,F,U422,Vivian,,,
P497862,F,U693,Loretta,,,
P722618,F,U430,Yolanda,,,
P387891,F,U430,June,,,
P198583,F,U693,Natalie,,,
P529632,M,U693,Joseph,,,
P281029,M,U422,Michael,,,
P716897,M,U203,Alexander,,,
P960306,M,U693,Samuel,,,
P862621,F,U430,Mia,,,
P163990,F,U693,Ava,,,
P615133,M,U422,Jack,,,
P350887,M,U422,Noah,,,
P544348,F,U502,Sophie,,,
P450947,F,U203,Isabel,,,
P926423,M,U693,Deven,,,
P697891,F,U422,Xu,,,
P478858,M,U430,Neil,,,
P951470,F,U430,Sarah,,,
P831119,F,U693,Xi,,,
P848881,M,U422,Arnav,,,
P114140,M,U203,Nikhil,,,
P561028,F,U693,Xian,,,
P132246,M,U430,Armaan,,,
P514806,F,U430,Elizabeth,,,
P443257,F,U693,Jessie,,,
P664643,M,U693,John,,,
P514607,F,U693,Agnes,,,
P307392,M,U693,Michael,,,
P364479,M,U502,William,,,
P893682,F,U693,Xilin,,,
P294836,M,U502,Richard,,,
P571660,M,U203,Charles,,,
P913591,M,U422,Joseph,,,
P870590,F,U203,Biyu,,,
P948241,M,U693,Ishaan,,,
P240255,F,U693,Hansika,,,
P451746,F,U422,Chunhua,,,
P998753,M,U430,Aryan,,,
P263690,F,U430,Gina,,,
P484371,F,U422,Natalie,,,
P334035,M,U430,David,,,
P393193,F,U693,Charline,,,
P194002,M,U430,Suraj,,,
P178934,M,U203,James,,,
P250591,F,U502,Chrn,,,
P146456,F,U693,Akilah,,,
P891266,M,U693,Robert,,,
P395940,F,U203,Aida,,,
P690976,M,U422,David,,,
P595277,F,U422,Alda,,,
P919641,M,U203,Thomas,,,
P477094,F,U502,Joy,,,
P490897,M,U502,Rohan,,,
P776309,F,U203,Maxine,,,
P493853,F,U203,Terry,,,
P722188,F,U693,Irma,,,
P333827,M,U693,John,,,
P171587,F,U203,Pratiksha,,,
P358275,F,U430,Sada,,,
P962214,F,U430,Saya,,,
P868463,M,U693,Christopher,,,
P123639,M,U502,Matt,,,
P503886,F,U422,Chaya,,,
P209774,M,U430,Nicky,,,
P305399,F,U422,Marian,,,
P828862,F,U693,Irma,,,
P420213,M,U203,Augustin,,,
P884623,F,U693,Geneva,,,
P263298,F,U430,Sabrina,,,
P628983,F,U693,Ada,,,
P158289,M,U203,Edward,,,
P717486,F,U693,Fada,,,
P801129,M,U693,Christopher,,,
P993334,M,U430,Lucky,,,
P402065,F,U693,Lindsay,,,
P306538,F,U203,Toni,,,
P783509,F,U693,Jessica,,,
P879800,M,U422,Pedro,,,
P772269,F,U502,Janet,,,
P552426,F,U693,Xilin,,,
P619446,M,U422,Lai,,,
P362851,M,U693,Carolyn,,,
P562400,F,U693,Christine,,,
P139417,M,U430,Ye,,,
P453891,F,U422,Amanda,,,
P877604,M,U203,David,,,
P834447,F,U422,Pamela,,,
P686988,F,U203,Debra,,,
P319962,M,U422,Dan,,,
P996063,F,U203,Stephanie,,,
P545233,F,U422,Carolyn,,,
P674970,M,U203,Santiago,,,
P853409,M,U693,George,,,
P308956,F,U203,Stephanie,,,
P855086,M,U430,Jeremy,,,
P216672,M,U693,Jimmy,,,
P712128,M,U693,Ryan,,,
P975231,F,U693,Kelsey,,,
P446185,M,U502,Rohan,,,
P109919,M,U693,Daven,,,
P643181,F,U203,Amanda,,,
P691294,F,U422,Stephanie,,,
P102099,F,U693,Rose,,,
*Leg,,,,,,
1,,,,,,
2,,,,,,
3,,,,,,
4,,,,,,
*Stroke,,,,,,
Freestyle,,,,,,
Medley,,,,,,
Butterfly,,,,,,
Breaststroke,,,,,,
Backstroke,,,,,,
*Distance,,,,,,
100,,,,,,
200,,,,,,
400,,,,,,
*Event,,,,,,
E0107,M,100,,,,
E0307,M,400,,,,
E0407,F,200,,,,
E0507,M,100,,,,
E1206,M,200,,,,
E1107,F,400,,,,
E1007,F,100,,,,
E0422,F,400,,,,
E0212,M,200,,,,
E9301,M,100,,,,
E4142,F,100,,,,
E7311,M,200,,,,
E1302,M,400,,,,
E5550,F,200,,,,
E4133,M,100,,,,
E1144,F,200,,,,
E0218,F,400,,,,
E2301,M,200,,,,
*StrokeOf,,,,,,
E0107,1,Freestyle,,,,
E0307,1,Medley,,,,
E0307,2,Medley,,,,
E0307,3,Medley,,,,
E0307,4,Medley,,,,
E0407,1,Butterfly,,,,
E0507,1,Breaststroke,,,,
E1206,1,Butterfly,,,,
E1107,1,Breaststroke,,,,
E1107,2,Breaststroke,,,,
E1107,3,Breaststroke,,,,
E1107,4,Breaststroke,,,,
E1007,1,Backstroke,,,,
E0422,1,Medley,,,,
E0422,2,Medley,,,,
E0422,3,Medley,,,,
E0422,4,Medley,,,,
E0212,1,Medley,,,,
E9301,1,Freestyle,,,,
E4142,1,Freestyle,,,,
E7311,1,Butterfly,,,,
E1302,1,Backstroke,,,,
E5550,1,Freestyle,,,,
E4133,1,Freestyle,,,,
E1144,1,Medley,,,,
E0218,1,Butterfly,,,,
E2301,1,Backstroke,,,,
*Heat,,,,,,
1,E0107,NCAA_Summer,,,,
2,E0107,NCAA_Summer,,,,
3,E0107,NCAA_Summer,,,,
4,E0107,NCAA_Summer,,,,
1,E0307,SouthConfed,,,,
2,E0307,SouthConfed,,,,
3,E0307,SouthConfed,,,,
1,E0407,Rice Invitational,,,,
2,E0407,Rice Invitational,,,,
1,E0507,UT_Meet,,,,
1,E1206,NCAA_Summer,,,,
2,E1206,NCAA_Summer,,,,
1,E1107,SouthConfed,,,,
1,E1007,NCAA_Summer,,,,
1,E0422,SouthConfed,,,,
1,E0212,NCAA_Summer,,,,
2,E0212,NCAA_Summer,,,,
3,E0212,NCAA_Summer,,,,
4,E0212,NCAA_Summer,,,,
5,E0212,NCAA_Summer,,,,
1,E9301,Rice Invitational,,,,
1,E4142,NCAA_Summer,,,,
1,E7311,SouthConfed,,,,
2,E7311,SouthConfed,,,,
1,E1302,UT_Meet,,,,
1,E5550,Rice Invitational,,,,
1,E4133,UT_Meet,,,,
2,E4133,UT_Meet,,,,
1,E1144,NCAA_Summer,,,,
1,E0218,Rice_Winter,,,,
1,E2301,Rice_Winter,,,,
*Swim,,,,,,
1,E0107,NCAA_Summer,P411523,1,16.3748388951317,
1,E0107,NCAA_Summer,P948241,1,16.4039697417693,
1,E0107,NCAA_Summer,P664643,1,13.5377405482063,
1,E0107,NCAA_Summer,P686315,1,12.4157030267476,
1,E0107,NCAA_Summer,P944240,1,12.8532351432751,
1,E0107,NCAA_Summer,P966483,1,11.8575941298532,
1,E0107,NCAA_Summer,P852515,1,13.6698327362208,
1,E0107,NCAA_Summer,P614836,1,13.1655727804503,
1,E0107,NCAA_Summer,P581736,1,14.873641669203,
1,E0107,NCAA_Summer,P849004,1,16.080965914558,
1,E0107,NCAA_Summer,P913591,1,13.8928190318641,
1,E0107,NCAA_Summer,P619446,1,13.3365882156904,
1,E0107,NCAA_Summer,P158289,1,15.1694452885463,
1,E0107,NCAA_Summer,P925991,1,12.0787755322985,
1,E0107,NCAA_Summer,P132246,1,13.7866895306512,
1,E0107,NCAA_Summer,P319962,1,15.9316791671046,
1,E0107,NCAA_Summer,P364479,1,12.9350457991527,
1,E0107,NCAA_Summer,P334035,1,14.1570497350737,
1,E0107,NCAA_Summer,P879800,1,14.7492268921128,
1,E0107,NCAA_Summer,P390796,1,12.0014812047776,
1,E0107,NCAA_Summer,P451875,1,11.7761926375897,
1,E0107,NCAA_Summer,P544338,1,11.6987,
1,E0107,NCAA_Summer,P960306,1,14.3693554645126,
1,E0107,NCAA_Summer,P490897,1,15.3901237581784,
1,E0107,NCAA_Summer,P891266,1,11.7481547089113,
1,E0107,NCAA_Summer,P774555,1,13.9783798874868,
1,E0107,NCAA_Summer,P424921,1,15.1095975233785,
1,E0107,NCAA_Summer,P478858,1,16.4063547928812,
1,E0107,NCAA_Summer,P350887,1,13.3503440801857,
1,E0107,NCAA_Summer,P326379,1,12.7967373021911,
1,E0107,NCAA_Summer,P216672,1,15.7939967787617,
1,E0107,NCAA_Summer,P837450,1,13.0441097665808,
1,E0107,NCAA_Summer,P712128,1,15.250163005131,
1,E0107,NCAA_Summer,P716897,1,15.1152645604236,
1,E0107,NCAA_Summer,P853409,1,15.5185910943404,
1,E0107,NCAA_Summer,P848881,1,14.5101049308744,
1,E0107,NCAA_Summer,P109919,1,15.0283000525348,
1,E0107,NCAA_Summer,P414627,1,15.9975828190208,
1,E0107,NCAA_Summer,P482516,1,16.2345210749968,
1,E0107,NCAA_Summer,P627706,1,14.3177182039557,
2,E0107,NCAA_Summer,P615133,1,12.2375857327125,
2,E0107,NCAA_Summer,P720454,1,12.5649260518039,
2,E0107,NCAA_Summer,P334035,1,15.5504919565933,
2,E0107,NCAA_Summer,P853409,1,16.3962891272049,
2,E0107,NCAA_Summer,P855086,1,12.6008304747912,
2,E0107,NCAA_Summer,P960306,1,14.6415480406508,
2,E0107,NCAA_Summer,P627706,1,13.8049525622064,
2,E0107,NCAA_Summer,P852515,1,15.7428859947111,
2,E0107,NCAA_Summer,P362851,1,17.0415509513037,
2,E0107,NCAA_Summer,P999815,1,11.5898,
2,E0107,NCAA_Summer,P849004,1,13.1155399228971,
2,E0107,NCAA_Summer,P998753,1,12.7815150151671,
2,E0107,NCAA_Summer,P994822,1,12.3684321135449,
2,E0107,NCAA_Summer,P343775,1,13.5179504033174,
2,E0107,NCAA_Summer,P691951,1,13.2689528294524,
2,E0107,NCAA_Summer,P114140,1,13.81376416314,
2,E0107,NCAA_Summer,P837450,1,15.2916439086377,
2,E0107,NCAA_Summer,P420213,1,16.2859404271585,
2,E0107,NCAA_Summer,P877604,1,14.7227123531746,
2,E0107,NCAA_Summer,P614836,1,11.6080059577792,
2,E0107,NCAA_Summer,P774555,1,16.1767611150374,
2,E0107,NCAA_Summer,P375195,1,11.8146942492638,
2,E0107,NCAA_Summer,P690976,1,11.9102995224696,
2,E0107,NCAA_Summer,P472703,1,16.3433758892428,
2,E0107,NCAA_Summer,P319962,1,15.1259119855005,
2,E0107,NCAA_Summer,P373735,1,13.4310434403074,
2,E0107,NCAA_Summer,P531550,1,13.0085303502876,
2,E0107,NCAA_Summer,P294836,1,15.4631523124736,
2,E0107,NCAA_Summer,P813991,1,13.6222684682364,
2,E0107,NCAA_Summer,P571660,1,12.8378730514936,
2,E0107,NCAA_Summer,P320247,1,16.0732042169184,
2,E0107,NCAA_Summer,P364479,1,16.2711842884673,
2,E0107,NCAA_Summer,P581736,1,16.8772346226539,
2,E0107,NCAA_Summer,P246719,1,14.3363836307469,
2,E0107,NCAA_Summer,P446185,1,12.2448541204003,
2,E0107,NCAA_Summer,P814834,1,15.6547690401065,
2,E0107,NCAA_Summer,P158289,1,15.0148577804346,
2,E0107,NCAA_Summer,P350887,1,13.9102726916291,
2,E0107,NCAA_Summer,P782093,1,15.8873519905713,
2,E0107,NCAA_Summer,P925991,1,14.8879638636968,
2,E0107,NCAA_Summer,P926423,1,16.5277275037503,
2,E0107,NCAA_Summer,P139417,1,14.0758000340518,
3,E0107,NCAA_Summer,P305399,1,16.6860525379391,
3,E0107,NCAA_Summer,P296082,1,15.7541024702438,
3,E0107,NCAA_Summer,P561028,1,12.5492546390651,
3,E0107,NCAA_Summer,P779068,1,15.0107737547006,
3,E0107,NCAA_Summer,P174047,1,14.536339024754,
3,E0107,NCAA_Summer,P962214,1,12.6126738196981,
3,E0107,NCAA_Summer,P451746,1,16.6289018897908,
3,E0107,NCAA_Summer,P419077,1,12.049064989487,
3,E0107,NCAA_Summer,P453891,1,13.7718526313891,
3,E0107,NCAA_Summer,P552426,1,14.2200697178405,
3,E0107,NCAA_Summer,P450947,1,15.1249805938108,
3,E0107,NCAA_Summer,P358275,1,11.6423469302137,
3,E0107,NCAA_Summer,P402065,1,15.0306770947345,
3,E0107,NCAA_Summer,P484371,1,13.3666221876446,
3,E0107,NCAA_Summer,P768448,1,13.2144709046713,
3,E0107,NCAA_Summer,P744201,1,14.6552318331812,
3,E0107,NCAA_Summer,P393193,1,15.519481557269,
3,E0107,NCAA_Summer,P198583,1,12.6282921653491,
3,E0107,NCAA_Summer,P306538,1,16.8980272652365,
3,E0107,NCAA_Summer,P722618,1,11.8559814669562,
3,E0107,NCAA_Summer,P744651,1,14.2919567288154,
3,E0107,NCAA_Summer,P772269,1,15.3407522647197,
3,E0107,NCAA_Summer,P673060,1,17.9909568833237,
3,E0107,NCAA_Summer,P315434,1,15.1812185971588,
3,E0107,NCAA_Summer,P831119,1,12.3732783168094,
3,E0107,NCAA_Summer,P595277,1,17.5739974591994,
3,E0107,NCAA_Summer,P713611,1,16.2909698669645,
3,E0107,NCAA_Summer,P313609,1,17.2158653472176,
3,E0107,NCAA_Summer,P251935,1,13.1163239469655,
3,E0107,NCAA_Summer,P844138,1,17.6803656267659,
3,E0107,NCAA_Summer,P544348,1,14.389180118396,
3,E0107,NCAA_Summer,P643181,1,17.1224562395675,
3,E0107,NCAA_Summer,P801697,1,12.06544582862,
3,E0107,NCAA_Summer,P282743,1,13.5245246485889,
3,E0107,NCAA_Summer,P497862,1,17.8310305068254,
3,E0107,NCAA_Summer,P503806,1,18.3687770953345,
3,E0107,NCAA_Summer,P354503,1,14.0369819223094,
3,E0107,NCAA_Summer,P126504,1,13.6814657338686,
3,E0107,NCAA_Summer,P171587,1,11.706174526881,
3,E0107,NCAA_Summer,P102099,1,12.779388960752,
3,E0107,NCAA_Summer,P676479,1,16.483480749461,
3,E0107,NCAA_Summer,P717486,1,15.9429771646139,
3,E0107,NCAA_Summer,P132685,1,11.8682858323262,
3,E0107,NCAA_Summer,P834447,1,16.2950985358762,
3,E0107,NCAA_Summer,P493853,1,12.9752732965166,
3,E0107,NCAA_Summer,P214547,1,14.498505486216,
3,E0107,NCAA_Summer,P518763,1,12.1287868588336,
3,E0107,NCAA_Summer,P266751,1,12.2183781503534,
3,E0107,NCAA_Summer,P163990,1,14.8499527758922,
3,E0107,NCAA_Summer,P562400,1,15.6331599541904,
4,E0107,NCAA_Summer,P363719,1,18.2877859548969,
4,E0107,NCAA_Summer,P478858,1,17.4612102595698,
4,E0107,NCAA_Summer,P853409,1,12.5248988224881,
4,E0107,NCAA_Summer,P298187,1,12.7412491275374,
4,E0107,NCAA_Summer,P674970,1,13.9599374151325,
4,E0107,NCAA_Summer,P307392,1,16.6110028678098,
4,E0107,NCAA_Summer,P178934,1,16.1342242411588,
4,E0107,NCAA_Summer,P814834,1,17.0132842886118,
4,E0107,NCAA_Summer,P414627,1,11.9600161859709,
4,E0107,NCAA_Summer,P334035,1,14.1882408381441,
4,E0107,NCAA_Summer,P343775,1,16.859558946208,
4,E0107,NCAA_Summer,P774555,1,13.5305436322157,
4,E0107,NCAA_Summer,P813991,1,16.7822246536661,
4,E0107,NCAA_Summer,P446185,1,17.3378206277532,
4,E0107,NCAA_Summer,P362851,1,16.8228932252706,
4,E0107,NCAA_Summer,P720454,1,16.5566333112246,
4,E0107,NCAA_Summer,P194002,1,15.7018379375998,
4,E0107,NCAA_Summer,P420213,1,11.9436074410802,
4,E0107,NCAA_Summer,P837450,1,13.0238013212176,
4,E0107,NCAA_Summer,P868463,1,16.3890767530472,
4,E0107,NCAA_Summer,P209774,1,15.3166112543989,
4,E0107,NCAA_Summer,P948241,1,18.1858783606967,
4,E0107,NCAA_Summer,P132246,1,16.5344299260427,
4,E0107,NCAA_Summer,P581736,1,13.1858129696734,
4,E0107,NCAA_Summer,P139417,1,13.4624004138505,
4,E0107,NCAA_Summer,P855086,1,13.8013832345704,
4,E0107,NCAA_Summer,P994822,1,16.9429998441809,
4,E0107,NCAA_Summer,P482516,1,15.0174994841207,
4,E0107,NCAA_Summer,P350887,1,13.8399391397254,
4,E0107,NCAA_Summer,P123639,1,16.5099340405288,
4,E0107,NCAA_Summer,P373735,1,17.3062305463014,
4,E0107,NCAA_Summer,P216672,1,15.8914881287778,
4,E0107,NCAA_Summer,P424921,1,13.8983475558693,
4,E0107,NCAA_Summer,P801129,1,16.5517625675014,
1,E0212,NCAA_Summer,P844138,1,16.5086406682158,
1,E0212,NCAA_Summer,P395940,1,17.1970312316735,
1,E0212,NCAA_Summer,P174047,1,11.55789,
1,E0212,NCAA_Summer,P834447,1,13.3167647250336,
1,E0212,NCAA_Summer,P888246,1,15.3312571567099,
1,E0212,NCAA_Summer,P512304,1,12.4176654434329,
1,E0212,NCAA_Summer,P686988,1,12.2234,
1,E0212,NCAA_Summer,P477094,1,14.9035046527716,
1,E0212,NCAA_Summer,P650269,1,13.554398567375,
1,E0212,NCAA_Summer,P132685,1,13.8183745698087,
1,E0212,NCAA_Summer,P944182,1,13.1783635631873,
1,E0212,NCAA_Summer,P263779,1,14.8226191705959,
1,E0212,NCAA_Summer,P761841,1,12.7848181088874,
1,E0212,NCAA_Summer,P266751,1,16.2209848411031,
1,E0212,NCAA_Summer,P387891,1,12.8359055257232,
1,E0212,NCAA_Summer,P187734,1,14.2666283856466,
1,E0212,NCAA_Summer,P451746,1,14.175520663607,
1,E0212,NCAA_Summer,P962214,1,14.3538568150559,
1,E0212,NCAA_Summer,P198583,1,13.0557996293755,
1,E0212,NCAA_Summer,P419077,1,16.8591740400107,
1,E0212,NCAA_Summer,P561028,1,14.8038361382501,
1,E0212,NCAA_Summer,P514806,1,15.4543526777726,
1,E0212,NCAA_Summer,P893682,1,15.4503100616616,
1,E0212,NCAA_Summer,P744651,1,15.1558281894045,
1,E0212,NCAA_Summer,P257391,1,15.0595345646017,
1,E0212,NCAA_Summer,P892923,1,15.6150597232736,
1,E0212,NCAA_Summer,P240255,1,14.6189597777768,
1,E0212,NCAA_Summer,P250591,1,16.4362077614062,
1,E0212,NCAA_Summer,P801697,1,15.8036472132899,
1,E0212,NCAA_Summer,P768448,1,16.0739321357796,
1,E0212,NCAA_Summer,P759847,1,16.5895799178812,
1,E0212,NCAA_Summer,P643181,1,13.1395870803451,
1,E0212,NCAA_Summer,P251935,1,16.3476530116876,
1,E0212,NCAA_Summer,P831119,1,12.4707650000441,
1,E0212,NCAA_Summer,P171587,1,12.9429898861324,
1,E0212,NCAA_Summer,P358275,1,14.4995414307778,
1,E0212,NCAA_Summer,P497862,1,13.7305487215884,
1,E0212,NCAA_Summer,P870590,1,13.9054420456992,
1,E0212,NCAA_Summer,P544348,1,13.3609869472692,
1,E0212,NCAA_Summer,P214547,1,16.4307936371259,
1,E0212,NCAA_Summer,P503806,1,16.7827068738914,
1,E0212,NCAA_Summer,P308956,1,15.2502052031917,
1,E0212,NCAA_Summer,P648329,1,12.6389043291161,
1,E0212,NCAA_Summer,P713611,1,15.9125110338596,
1,E0212,NCAA_Summer,P975231,1,14.0948223202564,
1,E0212,NCAA_Summer,P697891,1,16.6172109606106,
1,E0212,NCAA_Summer,P717486,1,12.3769337621901,
1,E0212,NCAA_Summer,P518763,1,13.69878,
1,E0212,NCAA_Summer,P776309,1,13.7057685686552,
2,E0212,NCAA_Summer,P643181,1,15.3370349088833,
2,E0212,NCAA_Summer,P198583,1,11.8473005510458,
2,E0212,NCAA_Summer,P163990,1,11.2177550584019,
2,E0212,NCAA_Summer,P263779,1,14.5975884810733,
2,E0212,NCAA_Summer,P126715,1,11.7398651812977,
2,E0212,NCAA_Summer,P306538,1,10.2746129583076,
2,E0212,NCAA_Summer,P500771,1,13.3960266702209,
2,E0212,NCAA_Summer,P862621,1,14.4946178870791,
2,E0212,NCAA_Summer,P962214,1,10.3161100560307,
2,E0212,NCAA_Summer,P493853,1,12.4251661946623,
2,E0212,NCAA_Summer,P951470,1,11.6442396283778,
2,E0212,NCAA_Summer,P944182,1,12.501125186215,
2,E0212,NCAA_Summer,P393193,1,13.1620844667554,
2,E0212,NCAA_Summer,P259364,1,9.65784,
2,E0212,NCAA_Summer,P240255,1,9.87652451719741,
2,E0212,NCAA_Summer,P102099,1,12.6240185732192,
2,E0212,NCAA_Summer,P314927,1,11.4269800551158,
2,E0212,NCAA_Summer,P831119,1,12.0636122729094,
2,E0212,NCAA_Summer,P870590,1,14.0430287349297,
2,E0212,NCAA_Summer,P187734,1,10.0648844300734,
2,E0212,NCAA_Summer,P313609,1,10.3606921985904,
2,E0212,NCAA_Summer,P214547,1,10.7456996119666,
2,E0212,NCAA_Summer,P697891,1,14.7913726133515,
2,E0212,NCAA_Summer,P354503,1,14.8428091394277,
2,E0212,NCAA_Summer,P596208,1,11.3960997528937,
2,E0212,NCAA_Summer,P250591,1,14.987603651375,
2,E0212,NCAA_Summer,P761841,1,14.0647017237837,
2,E0212,NCAA_Summer,P251935,1,13.8944336545867,
2,E0212,NCAA_Summer,P722188,1,13.789285371626,
2,E0212,NCAA_Summer,P408363,1,15.4206328484583,
2,E0212,NCAA_Summer,P996063,1,13.2144347453754,
2,E0212,NCAA_Summer,P545233,1,12.7367521599741,
2,E0212,NCAA_Summer,P263690,1,12.2253447378806,
2,E0212,NCAA_Summer,P673060,1,9.92012879536134,
2,E0212,NCAA_Summer,P239302,1,11.8652216265403,
2,E0212,NCAA_Summer,P305399,1,14.9308728277479,
2,E0212,NCAA_Summer,P783509,1,15.1805182380656,
2,E0212,NCAA_Summer,P552426,1,10.1762450849799,
2,E0212,NCAA_Summer,P385867,1,10.4276111074691,
2,E0212,NCAA_Summer,P893682,1,15.2557154945828,
2,E0212,NCAA_Summer,P710107,1,10.5672016259515,
3,E0212,NCAA_Summer,P216672,1,12.9345476854298,
3,E0212,NCAA_Summer,P246719,1,13.1321209421381,
3,E0212,NCAA_Summer,P420213,1,13.198870877057,
3,E0212,NCAA_Summer,P813991,1,11.554820640291,
3,E0212,NCAA_Summer,P411523,1,14.0732191673108,
3,E0212,NCAA_Summer,P362851,1,11.0593808281356,
3,E0212,NCAA_Summer,P281029,1,10.3581391875867,
3,E0212,NCAA_Summer,P720454,1,10.9117319723522,
3,E0212,NCAA_Summer,P194002,1,11.8674721570859,
3,E0212,NCAA_Summer,P478858,1,12.8727716429439,
3,E0212,NCAA_Summer,P472703,1,9.69885515528398,
3,E0212,NCAA_Summer,P581736,1,10.1403613134677,
3,E0212,NCAA_Summer,P334035,1,14.5422063386967,
3,E0212,NCAA_Summer,P877604,1,11.0780158008424,
3,E0212,NCAA_Summer,P946656,1,11.6650673825585,
3,E0212,NCAA_Summer,P925991,1,12.819199937767,
3,E0212,NCAA_Summer,P944240,1,9.75142910381422,
3,E0212,NCAA_Summer,P544338,1,14.7967606173556,
3,E0212,NCAA_Summer,P919641,1,10.2317414783617,
3,E0212,NCAA_Summer,P375195,1,14.4126722694264,
3,E0212,NCAA_Summer,P691951,1,13.5113881537412,
3,E0212,NCAA_Summer,P837450,1,14.2627160116719,
3,E0212,NCAA_Summer,P993334,1,14.5045355968683,
3,E0212,NCAA_Summer,P782093,1,13.0632000795371,
3,E0212,NCAA_Summer,P998753,1,15.9367205064738,
3,E0212,NCAA_Summer,P307392,1,13.1258972476993,
3,E0212,NCAA_Summer,P333827,1,11.77896,
3,E0212,NCAA_Summer,P109919,1,16.1002471578357,
3,E0212,NCAA_Summer,P614836,1,12.5618019709668,
3,E0212,NCAA_Summer,P627706,1,14.835577557273,
3,E0212,NCAA_Summer,P855086,1,13.8375295626989,
3,E0212,NCAA_Summer,P891266,1,13.9388459180984,
3,E0212,NCAA_Summer,P716897,1,16.3275049404035,
3,E0212,NCAA_Summer,P363719,1,13.6571965095832,
3,E0212,NCAA_Summer,P158289,1,16.1967994067885,
3,E0212,NCAA_Summer,P132246,1,12.353645688775,
3,E0212,NCAA_Summer,P852515,1,12.4445637092291,
3,E0212,NCAA_Summer,P529632,1,12.7612385929487,
3,E0212,NCAA_Summer,P608878,1,15.5557161009732,
3,E0212,NCAA_Summer,P667298,1,11.8486257898311,
3,E0212,NCAA_Summer,P712128,1,15.7699221376273,
1,E0307,SouthConfed,P246719,1,17.3520828317481,
1,E0307,SouthConfed,P686315,2,16.6775659080845,
1,E0307,SouthConfed,P581736,3,15.9768438029704,
1,E0307,SouthConfed,P472703,4,14.8008160055229,
1,E0307,SouthConfed,P320247,1,11.8475877194481,
1,E0307,SouthConfed,P375195,2,16.1206862523277,
1,E0307,SouthConfed,P350087,3,16.542806490619,
1,E0307,SouthConfed,P667298,4,12.3922106818871,
1,E0307,SouthConfed,P946656,1,12.1623592397871,
1,E0307,SouthConfed,P363719,2,13.1644682413116,
1,E0307,SouthConfed,P326379,3,14.5800100787826,
1,E0307,SouthConfed,P774555,4,16.1432543014988,
1,E0307,SouthConfed,P411523,1,13.3845108235675,
1,E0307,SouthConfed,P782093,2,12.6236437504637,
1,E0307,SouthConfed,P414627,3,11.8000779638756,
1,E0307,SouthConfed,P551881,4,12.9858040439208,
1,E0307,SouthConfed,P608878,1,15.1851117522885,
1,E0307,SouthConfed,P944240,2,13.6422841110695,
1,E0307,SouthConfed,P482516,3,13.1987897404349,
1,E0307,SouthConfed,P925991,4,14.846666225428,
1,E0407,Rice Invitational,P713611,1,10.5581466563834,
1,E0407,Rice Invitational,P385867,1,11.1572504593333,
1,E0407,Rice Invitational,P497862,1,11.5930839629148,
1,E0407,Rice Invitational,P174047,1,12.1123519901566,
1,E0407,Rice Invitational,P514806,1,15.2373891770534,
1,E0407,Rice Invitational,P892923,1,12.9224456128613,
1,E0407,Rice Invitational,P710107,1,12.5568601672102,
1,E0407,Rice Invitational,P722188,1,12.4494319438256,
1,E0407,Rice Invitational,P759847,1,10.6804641201864,
1,E0407,Rice Invitational,P263779,1,14.396072818581,
1,E0407,Rice Invitational,P779068,1,10.9439235631975,
1,E0407,Rice Invitational,P493853,1,14.9870768950053,
1,E0407,Rice Invitational,P686988,1,13.4381535826488,
1,E0407,Rice Invitational,P358275,1,11.7722717625683,
1,E0407,Rice Invitational,P408363,1,9.94870324199361,
1,E0407,Rice Invitational,P595277,1,12.5088003058396,
1,E0407,Rice Invitational,P896372,1,10.2670427793459,
1,E0407,Rice Invitational,P451746,1,13.7302410354041,
1,E0407,Rice Invitational,P862621,1,11.9579970063312,
1,E0407,Rice Invitational,P772269,1,16.6913658476348,
1,E0407,Rice Invitational,P214547,1,10.384929530677,
1,E0407,Rice Invitational,P514607,1,13.9600384587606,
1,E0407,Rice Invitational,P239302,1,11.7214121807934,
1,E0407,Rice Invitational,P259364,1,13.0298188983804,
1,E0407,Rice Invitational,P844138,1,11.3851348685736,
1,E0407,Rice Invitational,P673060,1,14.9243271795599,
1,E0407,Rice Invitational,P628983,1,12.4629826068106,
1,E0407,Rice Invitational,P545233,1,10.6489367714156,
1,E0407,Rice Invitational,P282743,1,11.8258086087123,
1,E0407,Rice Invitational,P518763,1,9.76216555134993,
1,E0407,Rice Invitational,P263690,1,11.294971747209,
1,E0407,Rice Invitational,P102099,1,14.7237608357647,
1,E0407,Rice Invitational,P944182,1,13.100366225056,
1,E0407,Rice Invitational,P240255,1,13.2760964406412,
1,E0407,Rice Invitational,P552426,1,14.3929389674142,
1,E0407,Rice Invitational,P146456,1,13.7446009798231,
1,E0407,Rice Invitational,P503886,1,12.819068094785,
1,E0407,Rice Invitational,P896191,1,15.2604697292747,
1,E0407,Rice Invitational,P308956,1,13.3334896809762,
1,E0407,Rice Invitational,P171587,1,11.914485116062,
1,E0407,Rice Invitational,P250591,1,12.2551284309077,
1,E0407,Rice Invitational,P650269,1,11.9663631036836,
1,E0407,Rice Invitational,P306538,1,11.55876,
1,E0407,Rice Invitational,P975231,1,13.7137229303335,
1,E0407,Rice Invitational,P198583,1,11.7671288611336,
1,E0407,Rice Invitational,P944240,1,13.641916168405,
1,E0407,Rice Invitational,P868463,1,14.2484018136275,
1,E0407,Rice Invitational,P848881,1,16.5911454883383,
1,E0407,Rice Invitational,P350087,1,13.1412897374904,
1,E0407,Rice Invitational,P571660,1,15.7303315380964,
1,E0407,Rice Invitational,P948241,1,14.1321221838274,
1,E0407,Rice Invitational,P490897,1,12.3141226073277,
1,E0407,Rice Invitational,P390796,1,11.9168354947147,
1,E0407,Rice Invitational,P712128,1,14.0143626047897,
1,E0407,Rice Invitational,P298187,1,16.0607222092201,
1,E0407,Rice Invitational,P551881,1,13.9945076385797,
1,E0407,Rice Invitational,P478858,1,12.4050717676682,
1,E0407,Rice Invitational,P375195,1,10.99078687384,
2,E0407,Rice Invitational,P420213,1,14.7961015162161,
2,E0407,Rice Invitational,P472703,1,13.863747454083,
2,E0407,Rice Invitational,P691951,1,16.0207248973207,
2,E0407,Rice Invitational,P877604,1,11.6356506049459,
2,E0407,Rice Invitational,P891266,1,13.8266837626501,
2,E0407,Rice Invitational,P209774,1,15.065956182474,
2,E0407,Rice Invitational,P139417,1,13.5279351966401,
2,E0407,Rice Invitational,P581736,1,13.7545180661247,
2,E0407,Rice Invitational,P690976,1,9.67777,
2,E0407,Rice Invitational,P813991,1,12.752264944853,
2,E0407,Rice Invitational,P993334,1,13.2398571935988,
2,E0407,Rice Invitational,P373735,1,13.8183945367273,
2,E0407,Rice Invitational,P627706,1,15.4161707770394,
2,E0407,Rice Invitational,P852515,1,14.896922570299,
2,E0407,Rice Invitational,P158289,1,14.4843062378914,
2,E0407,Rice Invitational,P946656,1,12.7071311438393,
2,E0407,Rice Invitational,P529632,1,14.5845212301588,
2,E0407,Rice Invitational,P326379,1,16.4498550884365,
2,E0407,Rice Invitational,P998753,1,10.4170314251329,
2,E0407,Rice Invitational,P994822,1,16.2192573400411,
2,E0407,Rice Invitational,P531550,1,13.5805739811789,
2,E0407,Rice Invitational,P307392,1,12.1246738226795,
2,E0407,Rice Invitational,P720454,1,10.8358918324622,
2,E0407,Rice Invitational,P362851,1,12.2053954668791,
2,E0407,Rice Invitational,P294836,1,14.0705222931611,
2,E0407,Rice Invitational,P123639,1,10.1101645966762,
2,E0407,Rice Invitational,P674970,1,15.4729553062228,
2,E0407,Rice Invitational,P774555,1,10.6254964332859,
1,E0422,SouthConfed,P744651,1,9.77847873498522,
1,E0422,SouthConfed,P779068,2,15.5529172797117,
1,E0422,SouthConfed,P710107,3,12.5091891027402,
1,E0422,SouthConfed,P801697,4,12.5695421194609,
1,E0422,SouthConfed,P512304,1,12.6515585954755,
1,E0422,SouthConfed,P408363,2,9.035564,
1,E0422,SouthConfed,P314927,3,15.4778977963195,
1,E0422,SouthConfed,P648329,4,15.8434593512173,
1,E0422,SouthConfed,P239302,1,15.2583632881125,
1,E0422,SouthConfed,P896191,2,12.2528592179548,
1,E0422,SouthConfed,P787951,3,13.989441991248,
1,E0422,SouthConfed,P844138,4,11.5731778007343,
1,E0422,SouthConfed,P187734,1,15.3503705054217,
1,E0422,SouthConfed,P888246,2,15.0735302986836,
1,E0422,SouthConfed,P419077,3,14.6433062233334,
1,E0422,SouthConfed,P326451,4,10.9084662695532,
1,E0422,SouthConfed,P596208,1,12.6222201166012,
1,E0422,SouthConfed,P174047,2,13.0895745001707,
1,E0422,SouthConfed,P257391,3,9.1647305764088,
1,E0422,SouthConfed,P595877,4,11.0811394057178,
1,E0507,UT_Meet,P664643,1,16.493762283906,
1,E0507,UT_Meet,P837450,1,11.8292124961317,
1,E0507,UT_Meet,P667298,1,12.2885013212307,
1,E0507,UT_Meet,P390796,1,10.5818538001029,
1,E0507,UT_Meet,P993334,1,12.4440589239077,
1,E0507,UT_Meet,P877604,1,10.3747396219005,
1,E0507,UT_Meet,P853409,1,14.5297440048165,
1,E0507,UT_Meet,P720454,1,12.9166463396535,
1,E0507,UT_Meet,P551881,1,15.0127247862389,
1,E0507,UT_Meet,P123639,1,10.8656035881,
1,E0507,UT_Meet,P926423,1,15.2344783280423,
1,E0507,UT_Meet,P627706,1,15.8771889094049,
1,E0507,UT_Meet,P363719,1,11.965334371102,
1,E0507,UT_Meet,P482516,1,15.063632575095,
1,E0507,UT_Meet,P691951,1,13.9341367039413,
1,E0507,UT_Meet,P674970,1,10.0262219798858,
1,E0507,UT_Meet,P891266,1,10.55896,
1,E0507,UT_Meet,P132246,1,10.1931880825266,
1,E0507,UT_Meet,P782093,1,10.337613365319,
1,E0507,UT_Meet,P948241,1,9.91381873547854,
1,E0507,UT_Meet,P333827,1,11.0963901422928,
1,E0507,UT_Meet,P614836,1,16.5161343489138,
1,E0507,UT_Meet,P855086,1,8.72670957047134,
1,E0507,UT_Meet,P114140,1,12.7906851827665,
1,E0507,UT_Meet,P857171,1,10.5189568453325,
1,E0507,UT_Meet,P362851,1,11.3081071318993,
1,E0507,UT_Meet,P608878,1,14.2545089010947,
1,E0507,UT_Meet,P158289,1,14.4092270512367,
1,E0507,UT_Meet,P852515,1,11.0545444275069,
1,E0507,UT_Meet,P414627,1,11.6400834664726,
1,E0507,UT_Meet,P420213,1,11.5473116168887,
1,E0507,UT_Meet,P913591,1,11.4081115349248,
1,E0507,UT_Meet,P350087,1,13.6551453247918,
1,E0507,UT_Meet,P373735,1,11.4310593614751,
1,E0507,UT_Meet,P946656,1,14.8385999254398,
1,E0507,UT_Meet,P334035,1,11.2656029377773,
1,E0507,UT_Meet,P178934,1,12.8151816174732,
1,E0507,UT_Meet,P849004,1,14.0769415424882,
1,E0507,UT_Meet,P716897,1,8.55664,
1,E0507,UT_Meet,P868463,1,11.0476065591083,
1,E0507,UT_Meet,P774555,1,16.2549360266465,
1,E0507,UT_Meet,P960306,1,15.9051995466836,
1,E1007,NCAA_Summer,P257391,1,13.8385523795629,
1,E1007,NCAA_Summer,P326451,1,15.5001579414116,
1,E1007,NCAA_Summer,P393193,1,12.9232051651754,
1,E1007,NCAA_Summer,P251935,1,16.6168087649861,
1,E1007,NCAA_Summer,P263690,1,14.8428111074534,
1,E1007,NCAA_Summer,P174047,1,14.1724681491381,
1,E1007,NCAA_Summer,P744201,1,15.9624972811762,
1,E1007,NCAA_Summer,P650269,1,15.1722265762207,
1,E1007,NCAA_Summer,P402065,1,15.4122082380092,
1,E1007,NCAA_Summer,P126715,1,13.3534012033843,
1,E1007,NCAA_Summer,P108977,1,16.3577862316311,
1,E1007,NCAA_Summer,P896191,1,16.6006791502854,
1,E1007,NCAA_Summer,P354503,1,17.4748619332626,
1,E1007,NCAA_Summer,P308956,1,13.5318357038378,
1,E1007,NCAA_Summer,P686988,1,14.2711962360006,
1,E1007,NCAA_Summer,P884623,1,16.1592657831825,
1,E1007,NCAA_Summer,P828862,1,16.2530841885881,
1,E1007,NCAA_Summer,P503806,1,15.6862694770626,
1,E1007,NCAA_Summer,P503886,1,12.8544556147893,
1,E1007,NCAA_Summer,P146456,1,15.7669065650205,
1,E1007,NCAA_Summer,P779068,1,14.3494600864726,
1,E1007,NCAA_Summer,P422145,1,14.6870410818477,
1,E1007,NCAA_Summer,P419077,1,14.476462583446,
1,E1007,NCAA_Summer,P801697,1,16.5231009534769,
1,E1007,NCAA_Summer,P831119,1,17.1567659789156,
1,E1007,NCAA_Summer,P844138,1,13.1152375485285,
1,E1007,NCAA_Summer,P187734,1,17.3629949407102,
1,E1007,NCAA_Summer,P561028,1,14.5793365958666,
1,E1007,NCAA_Summer,P938149,1,15.237067279668,
1,E1007,NCAA_Summer,P451746,1,17.4822249457329,
1,E1007,NCAA_Summer,P514806,1,13.6635113613361,
1,E1007,NCAA_Summer,P834447,1,13.9760022903721,
1,E1007,NCAA_Summer,P691294,1,17.0747398877023,
1,E1007,NCAA_Summer,P776309,1,13.1826238682421,
1,E1007,NCAA_Summer,P596208,1,14.621441510418,
1,E1007,NCAA_Summer,P263779,1,17.2504627717086,
1,E1007,NCAA_Summer,P870590,1,15.0306763772666,
1,E1107,SouthConfed,P266751,1,13.8648953534338,
1,E1107,SouthConfed,P263779,2,9.74642819745299,
1,E1107,SouthConfed,P251935,3,13.6858674894626,
1,E1107,SouthConfed,P938149,4,10.6768193245966,
1,E1107,SouthConfed,P126504,1,13.71464986788,
1,E1107,SouthConfed,P697891,2,12.4530556295144,
1,E1107,SouthConfed,P451746,3,15.6313842565088,
1,E1107,SouthConfed,P484371,4,12.2710422769597,
1,E1107,SouthConfed,P787951,1,15.6347399709972,
1,E1107,SouthConfed,P844138,2,9.68576,
1,E1107,SouthConfed,P744201,3,15.1630155191848,
1,E1107,SouthConfed,P892923,4,14.2612711781536,
1,E1107,SouthConfed,P326451,1,15.1995097001944,
1,E1107,SouthConfed,P126715,2,13.6293512839028,
1,E1107,SouthConfed,P761841,3,13.8933037410303,
1,E1107,SouthConfed,P152708,4,14.4478394069484,
1,E1206,NCAA_Summer,P163990,1,14.7269203057202,
1,E1206,NCAA_Summer,P862621,1,12.5066292133936,
1,E1206,NCAA_Summer,P240255,1,13.8976986899545,
1,E1206,NCAA_Summer,P896372,1,15.3853741110624,
1,E1206,NCAA_Summer,P263690,1,13.2936085471575,
1,E1206,NCAA_Summer,P503806,1,13.0602652556655,
1,E1206,NCAA_Summer,P595277,1,14.9768661038774,
1,E1206,NCAA_Summer,P686988,1,16.1694444336037,
1,E1206,NCAA_Summer,P722618,1,11.3625569170599,
1,E1206,NCAA_Summer,P126715,1,10.9615784065158,
1,E1206,NCAA_Summer,P146456,1,11.9001574788883,
1,E1206,NCAA_Summer,P408363,1,13.625150626527,
1,E1206,NCAA_Summer,P512304,1,14.900847184496,
1,E1206,NCAA_Summer,P759847,1,14.0018886353731,
1,E1206,NCAA_Summer,P975231,1,13.450395208148,
1,E1206,NCAA_Summer,P132685,1,15.7699369218231,
1,E1206,NCAA_Summer,P713611,1,10.9964168308936,
1,E1206,NCAA_Summer,P552426,1,12.6758601772651,
1,E1206,NCAA_Summer,P450947,1,14.7977611787044,
1,E1206,NCAA_Summer,P326451,1,12.8447786545088,
1,E1206,NCAA_Summer,P514607,1,14.1937185489854,
1,E1206,NCAA_Summer,P744201,1,16.0400719590863,
1,E1206,NCAA_Summer,P787951,1,12.0619299008605,
1,E1206,NCAA_Summer,P385867,1,14.07945219234,
1,E1206,NCAA_Summer,P477094,1,14.2455913463341,
1,E1206,NCAA_Summer,P710107,1,10.463454696989,
1,E1206,NCAA_Summer,P544348,1,11.725881962554,
1,E1206,NCAA_Summer,P691294,1,12.8043033155222,
1,E1206,NCAA_Summer,P884623,1,13.05796,
1,E1206,NCAA_Summer,P484371,1,14.4018284125327,
1,E1206,NCAA_Summer,P938149,1,14.1670231512648,
1,E1206,NCAA_Summer,P697891,1,13.5434612026256,
1,E1206,NCAA_Summer,P831119,1,9.85942388711609,
1,E1206,NCAA_Summer,P776309,1,10.6025278155707,
1,E1206,NCAA_Summer,P239302,1,12.9348154576872,
1,E1206,NCAA_Summer,P893682,1,14.9247555020089,
1,E1206,NCAA_Summer,P772269,1,16.2376586714106,
1,E1206,NCAA_Summer,P834447,1,10.2721285019567,
1,E1206,NCAA_Summer,P282743,1,14.6291894969902,
1,E1206,NCAA_Summer,P676479,1,15.6576194528708,
1,E1206,NCAA_Summer,P596208,1,15.4502897211166,
1,E1206,NCAA_Summer,P308956,1,13.8983431187943,
1,E1206,NCAA_Summer,P962214,1,15.3816660455481,
1,E1206,NCAA_Summer,P214547,1,13.181054462416,
1,E1206,NCAA_Summer,P453891,1,13.4883135382206,
1,E1206,NCAA_Summer,P892923,1,13.6184793964549,
1,E1206,NCAA_Summer,P198583,1,16.3612556054344,
1,E1206,NCAA_Summer,P628983,1,15.4965959363053,
1,E1206,NCAA_Summer,P493853,1,14.2892488445725,
1,E1206,NCAA_Summer,P305399,1,12.1712493824021,
1,E1206,NCAA_Summer,P951470,1,13.9525211880344,
2,E1206,NCAA_Summer,P855086,1,11.8865176368029,
2,E1206,NCAA_Summer,P420213,1,15.0288884275168,
2,E1206,NCAA_Summer,P667298,1,10.9806659140812,
2,E1206,NCAA_Summer,P853409,1,13.0730619165744,
2,E1206,NCAA_Summer,P363719,1,11.7783916746777,
2,E1206,NCAA_Summer,P362851,1,13.7223864059039,
2,E1206,NCAA_Summer,P123639,1,11.2624127857061,
2,E1206,NCAA_Summer,P615133,1,13.4546651790299,
2,E1206,NCAA_Summer,P926423,1,15.2412147266789,
2,E1206,NCAA_Summer,P551881,1,14.3967301588154,
2,E1206,NCAA_Summer,P948241,1,14.1064540156319,
2,E1206,NCAA_Summer,P691951,1,14.3053372387793,
2,E1206,NCAA_Summer,P114140,1,11.5933450859689,
2,E1206,NCAA_Summer,P664643,1,14.7129514121476,
2,E1206,NCAA_Summer,P109919,1,12.1181771693859,
2,E1206,NCAA_Summer,P490897,1,14.3635079911708,
2,E1206,NCAA_Summer,P132246,1,13.7566786164407,
2,E1206,NCAA_Summer,P281029,1,10.9030927475672,
2,E1206,NCAA_Summer,P814834,1,11.0738379546422,
2,E1206,NCAA_Summer,P852515,1,13.3773915007323,
2,E1206,NCAA_Summer,P581736,1,12.2897571257293,
2,E1206,NCAA_Summer,P686315,1,13.9483059671956,
2,E1206,NCAA_Summer,P478858,1,11.6792705728812,
2,E1206,NCAA_Summer,P966483,1,13.2159556185302,
2,E1206,NCAA_Summer,P925991,1,10.7560885258666,
2,E1206,NCAA_Summer,P307392,1,12.9575610010936,
2,E1206,NCAA_Summer,P782093,1,10.36443466167,
2,E1206,NCAA_Summer,P627706,1,14.832680543573,
2,E1206,NCAA_Summer,P857171,1,14.5590718843694,
2,E1206,NCAA_Summer,P619446,1,12.0247190677749,
2,E1206,NCAA_Summer,P837450,1,12.7405244192078,
2,E1206,NCAA_Summer,P674970,1,14.8435477679065,
2,E1206,NCAA_Summer,P244567,1,11.4077575691136,
2,E1206,NCAA_Summer,P350087,1,12.5316226009267,
2,E1206,NCAA_Summer,P294836,1,13.5981868548885,
2,E1206,NCAA_Summer,P960306,1,10.5695060297545,
2,E1206,NCAA_Summer,P139417,1,13.1394034210567,
2,E1206,NCAA_Summer,P451875,1,10.4251168089854,